volume_us_gal,shortfall_ref_cfm,time_to_floor_s
40,10,43.662826842
40,15,29.108551228
40,20,21.831413421
40,25,17.465130737
40,30,14.554275614
40,35,12.475093383
40,40,10.915706711
40,45,9.702850409
40,50,8.732565368
40,55,7.938695789
40,60,7.277137807
40,65,6.717357976
40,70,6.237546692
40,75,5.821710246
40,80,5.457853355
40,85,5.136803158
40,90,4.851425205
40,95,4.596087036
40,100,4.366282684
80,10,87.325653684
80,15,58.217102456
80,20,43.662826842
80,25,34.930261474
80,30,29.108551228
80,35,24.950186767
80,40,21.831413421
80,45,19.405700819
80,50,17.465130737
80,55,15.877391579
80,60,14.554275614
80,65,13.434715951
80,70,12.475093383
80,75,11.643420491
80,80,10.915706711
80,85,10.273606316
80,90,9.702850409
80,95,9.192174072
80,100,8.732565368
120,10,130.988480527
120,15,87.325653684
120,20,65.494240263
120,25,52.395392211
120,30,43.662826842
120,35,37.425280150
120,40,32.747120132
120,45,29.108551228
120,50,26.197696105
120,55,23.816087368
120,60,21.831413421
120,65,20.152073927
120,70,18.712640075
120,75,17.465130737
120,80,16.373560066
120,85,15.410409474
120,90,14.554275614
120,95,13.788261108
120,100,13.098848053
240,10,261.976961053
240,15,174.651307369
240,20,130.988480527
240,25,104.790784421
240,30,87.325653684
240,35,74.850560301
240,40,65.494240263
240,45,58.217102456
240,50,52.395392211
240,55,47.632174737
240,60,43.662826842
240,65,40.304147854
240,70,37.425280150
240,75,34.930261474
240,80,32.747120132
240,85,30.820818947
240,90,29.108551228
240,95,27.576522216
240,100,26.197696105
