volume_us_gal,time_s,phase,pressure_psig,net_flow_ref_cfm
80,0.000000000,burst,100.000000000,-40
80,1.000000000,burst,99.083888908,-40
80,2.000000000,burst,98.167777815,-40
80,3.000000000,burst,97.251666723,-40
80,4.000000000,burst,96.335555630,-40
80,5.000000000,burst,95.419444538,-40
80,6.000000000,burst,94.503333445,-40
80,7.000000000,burst,93.587222353,-40
80,8.000000000,burst,92.671111260,-40
80,9.000000000,burst,91.755000168,-40
80,10.000000000,burst,90.838889075,-40
80,11.000000000,burst,89.922777983,-40
80,12.000000000,burst,89.006666890,-40
80,13.000000000,burst,88.090555798,-40
80,14.000000000,burst,87.174444705,-40
80,15.000000000,burst,86.258333613,-40
80,16.000000000,burst,85.342222520,-40
80,17.000000000,burst,84.426111428,-40
80,18.000000000,burst,83.510000335,-40
80,19.000000000,burst,82.593889243,-40
80,20.000000000,burst,81.677778150,-40
80,21.000000000,burst,80.761667058,-40
80,21.831413421,burst,80.000000000,-40
120,0.000000000,burst,100.000000000,-40
120,1.000000000,burst,99.389259272,-40
120,2.000000000,burst,98.778518543,-40
120,3.000000000,burst,98.167777815,-40
120,4.000000000,burst,97.557037087,-40
120,5.000000000,burst,96.946296358,-40
120,6.000000000,burst,96.335555630,-40
120,7.000000000,burst,95.724814902,-40
120,8.000000000,burst,95.114074173,-40
120,9.000000000,burst,94.503333445,-40
120,10.000000000,burst,93.892592717,-40
120,11.000000000,burst,93.281851988,-40
120,12.000000000,burst,92.671111260,-40
120,13.000000000,burst,92.060370532,-40
120,14.000000000,burst,91.449629803,-40
120,15.000000000,burst,90.838889075,-40
120,16.000000000,burst,90.228148347,-40
120,17.000000000,burst,89.617407618,-40
120,18.000000000,burst,89.006666890,-40
120,19.000000000,burst,88.395926162,-40
120,20.000000000,burst,87.785185433,-40
120,21.000000000,burst,87.174444705,-40
120,22.000000000,burst,86.563703977,-40
120,23.000000000,burst,85.952963248,-40
120,24.000000000,burst,85.342222520,-40
120,25.000000000,burst,84.731481792,-40
120,26.000000000,burst,84.120741063,-40
120,27.000000000,burst,83.510000335,-40
120,28.000000000,burst,82.899259607,-40
120,29.000000000,burst,82.288518878,-40
120,30.000000000,burst,81.677778150,-40
120,31.000000000,recovery,81.983148514,20
120,32.000000000,recovery,82.288518878,20
120,33.000000000,recovery,82.593889243,20
120,34.000000000,recovery,82.899259607,20
120,35.000000000,recovery,83.204629971,20
120,36.000000000,recovery,83.510000335,20
120,37.000000000,recovery,83.815370699,20
120,38.000000000,recovery,84.120741063,20
120,39.000000000,recovery,84.426111428,20
120,40.000000000,recovery,84.731481792,20
120,41.000000000,recovery,85.036852156,20
120,42.000000000,recovery,85.342222520,20
120,43.000000000,recovery,85.647592884,20
120,44.000000000,recovery,85.952963248,20
120,45.000000000,recovery,86.258333613,20
120,46.000000000,recovery,86.563703977,20
120,47.000000000,recovery,86.869074341,20
120,48.000000000,recovery,87.174444705,20
120,49.000000000,recovery,87.479815069,20
120,50.000000000,recovery,87.785185433,20
120,51.000000000,recovery,88.090555798,20
120,52.000000000,recovery,88.395926162,20
120,53.000000000,recovery,88.701296526,20
120,54.000000000,recovery,89.006666890,20
120,55.000000000,recovery,89.312037254,20
120,56.000000000,recovery,89.617407618,20
120,57.000000000,recovery,89.922777983,20
120,58.000000000,recovery,90.228148347,20
120,59.000000000,recovery,90.533518711,20
120,60.000000000,recovery,90.838889075,20
120,61.000000000,recovery,91.144259439,20
120,62.000000000,recovery,91.449629803,20
120,63.000000000,recovery,91.755000168,20
120,64.000000000,recovery,92.060370532,20
120,65.000000000,recovery,92.365740896,20
120,66.000000000,recovery,92.671111260,20
120,67.000000000,recovery,92.976481624,20
120,68.000000000,recovery,93.281851988,20
120,69.000000000,recovery,93.587222353,20
120,70.000000000,recovery,93.892592717,20
120,71.000000000,recovery,94.197963081,20
120,72.000000000,recovery,94.503333445,20
120,73.000000000,recovery,94.808703809,20
120,74.000000000,recovery,95.114074173,20
120,75.000000000,recovery,95.419444538,20
120,76.000000000,recovery,95.724814902,20
120,77.000000000,recovery,96.030185266,20
120,78.000000000,recovery,96.335555630,20
120,79.000000000,recovery,96.640925994,20
120,80.000000000,recovery,96.946296358,20
120,81.000000000,recovery,97.251666723,20
120,82.000000000,recovery,97.557037087,20
120,83.000000000,recovery,97.862407451,20
120,84.000000000,recovery,98.167777815,20
120,85.000000000,recovery,98.473148179,20
120,86.000000000,recovery,98.778518543,20
120,87.000000000,recovery,99.083888908,20
120,88.000000000,recovery,99.389259272,20
120,89.000000000,recovery,99.694629636,20
120,90.000000000,recovery,100,20
