shortfall_ref_cfm,duration_s,required_volume_us_gal
10,5,4.580555462
10,10,9.161110925
10,15,13.741666387
10,20,18.322221850
10,30,27.483332775
10,45,41.224999162
10,60,54.966665550
20,5,9.161110925
20,10,18.322221850
20,15,27.483332775
20,20,36.644443700
20,30,54.966665550
20,45,82.449998325
20,60,109.933331100
30,5,13.741666387
30,10,27.483332775
30,15,41.224999162
30,20,54.966665550
30,30,82.449998325
30,45,123.674997487
30,60,164.899996650
40,5,18.322221850
40,10,36.644443700
40,15,54.966665550
40,20,73.288887400
40,30,109.933331100
40,45,164.899996650
40,60,219.866662200
50,5,22.902777312
50,10,45.805554625
50,15,68.708331937
50,20,91.611109250
50,30,137.416663875
50,45,206.124995812
50,60,274.833327750
60,5,27.483332775
60,10,54.966665550
60,15,82.449998325
60,20,109.933331100
60,30,164.899996650
60,45,247.349994975
60,60,329.799993300
70,5,32.063888237
70,10,64.127776475
70,15,96.191664712
70,20,128.255552950
70,30,192.383329425
70,45,288.574994137
70,60,384.766658850
80,5,36.644443700
80,10,73.288887400
80,15,109.933331100
80,20,146.577774800
80,30,219.866662200
80,45,329.799993300
80,60,439.733324400
90,5,41.224999162
90,10,82.449998325
90,15,123.674997487
90,20,164.899996650
90,30,247.349994975
90,45,371.024992462
90,60,494.699989950
100,5,45.805554625
100,10,91.611109250
100,15,137.416663875
100,20,183.222218500
100,30,274.833327750
100,45,412.249991625
100,60,549.666655500
