route_key,rtd_june_award_linked_list,cdot_may7_release_description,rtd_june_final_service_change,rtd_sep9_funding_continuity_list,quantified_change,derived_frequency_rate_before_per_hour,derived_frequency_rate_after_per_hour,derived_rate_change_per_hour,derived_percent_change,unit_and_scope_limit,source_ids
0L,yes,not individually named,Extend hours and add weekday midday service I-25 Broadway to Wade Blank Civic Center,no,Hours extended; no exact added trips stated,,,,,Service availability only; no hours count in source,SRC-2377;SRC-2378
10,yes,not individually named,Every 20 minutes both directions 6:00-18:30; 11 additional trips stated,no,11 additional trips per schedule; prior varies by time/direction,,,,,RTD release includes among grant-linked improvements; exact revenue hours absent,SRC-2377;SRC-2378
16th Street FreeRide,yes,Frequency increase,Weekday headway 4.5 to 3 minutes,yes,Headway 4.5 to 3 minutes,13.333333,20,6.666667,50.0,Per-hour scheduled departures implied by headway; no service span or actual operations,SRC-2376;SRC-2377;SRC-2378;SRC-2379
19,yes,Extension to more destinations,Extend to Northglenn-112th Station with minor schedule changes,yes,Geographic extension; miles/hours not stated,,,,,Changed destination makes route-km comparability dependent on route geometry,SRC-2376;SRC-2377;SRC-2378;SRC-2379
21,yes,Frequency and pattern revision (CDOT names 21E),Split old route; East Evans segment every 15 minutes,yes,Split into Route 21 east segment and new Route 22 west segment; East segment headway 15 min,,,,,Route identity and geography changed; baseline old route not comparable without segment crosswalk,SRC-2376;SRC-2377;SRC-2378;SRC-2379
22,no,not individually named,New route serving western segment of former Route 21; service increase label,yes,New route from split,,,,,New identifier is a segment of previous Route 21; not necessarily net new corridor service,SRC-2378;SRC-2379
37,yes,Frequency and pattern revision,30-minute weekday peaks; hourly midday/evening,yes,Post-change headways stated; baseline not stated,,,,,"Scheduled service pattern, not revenue-hours without span and running times",SRC-2376;SRC-2377;SRC-2378;SRC-2379
43,yes,not individually named,Weekday peak headway 15 to 7.5 minutes between Central Park and 11th-Larimer,no,Headway 15 to 7.5 minutes,4,8,4,100.0,Segment-specific weekday peak scheduled rate; reason cites temporary L Line suspension,SRC-2377;SRC-2378
53,yes,Reinstated service,"Reinstated seven days weekly, hourly 6:00-21:00",yes,Reinstated; hourly from 6:00-21:00 all week,,,,,Service reinstatement; not necessarily new corridor service; trip running time absent,SRC-2376;SRC-2377;SRC-2378;SRC-2379
80,yes,Reinstated service,Reinstated weekdays 6:00-19:00,yes,Service reinstatement; weekdays 6:00-19:00,,,,,Service reinstatement; interval and trip running time absent,SRC-2376;SRC-2377;SRC-2378;SRC-2379
104L,yes,not individually named,Add one eastbound and one westbound daily trip; weekend times shift,no,Two additional trips per day,,,,,Trip count reported; annual revenue-hours/miles not derivable from page,SRC-2377;SRC-2378
ART,yes,CDOT names 1E/44 (ART Shuttle); its equivalence to RTD's ART label is not independently reconciled,Weekday service hourly to every 30 minutes,yes,Headway 60 to 30 minutes,1,2,1,100.0,RTD's stated ART change is measurable; CDOT/RTD alias equivalence is unresolved; direction/span/actual operations not established,SRC-2376;SRC-2377;SRC-2378;SRC-2379
287 (formerly LD3),yes,Frequency and pattern revision,30-minute morning and afternoon peaks; LD3 renamed Route 287,yes,Post-change headway stated; baseline not stated,,,,,Alias/vintage reconciliation required; compare only stable segment and service period,SRC-2376;SRC-2377;SRC-2378;SRC-2379
